Player,TEAM,AGE,GP,W,L,MIN,PTS,FGM,FGA,FG%,3PM,3PA,3P%,FTM,FTA,FT%,OREB,DREB,REB,AST,TOV,STL,BLK,PF,FP,DD2,TD3,+/-
Kevin Durant,BKN,33,16,11,5,555,457,169,298,56.7,32,75,42.7,87,103,84.5,7,119,126,78,48,8,8,18,725.2,6,1,50
Stephen Curry,GSW,33,15,13,2,505,442,144,311,46.3,85,203,41.9,69,72,95.8,10,82,92,98,48,26,10,28,759.4,5,1,205
Paul George,LAC,31,15,9,6,522,401,146,325,44.9,47,130,36.2,62,69,89.9,9,111,120,77,63,31,7,37,711.5,5,0,38
Trae Young,ATL,23,16,7,9,546,401,141,316,44.6,39,106,36.8,80,89,89.9,9,47,56,147,65,14,2,29,671.7,7,0,3
DeMar DeRozan,CHI,32,15,10,5,531,399,141,282,50,14,40,35,103,118,87.3,12,68,80,63,32,13,8,35,620.5,1,0,125
Zach LaVine,CHI,26,15,10,5,528,393,143,291,49.1,44,110,40,63,72,87.5,7,78,85,55,44,7,5,23,569.5,0,0,42
Giannis Antetokounmpo,MIL,26,14,7,7,465,392,141,274,51.5,20,65,30.8,90,132,68.2,26,130,156,81,43,15,23,42,771.7,8,0,66
Ja Morant,MEM,22,15,8,7,513,390,150,299,50.2,28,73,38.4,62,80,77.5,18,77,95,107,52,24,4,21,696.5,4,0,-35
Anthony Davis,LAL,28,16,8,8,554,381,152,295,51.5,6,31,19.4,71,93,76.3,56,117,173,47,37,18,33,36,775.1,8,0,-64
Nikola Jokic,DEN,26,14,8,6,454,369,144,243,59.3,25,61,41,56,75,74.7,38,152,190,89,45,17,13,41,775.5,11,2,120
Jayson Tatum,BOS,23,15,7,8,560,363,132,333,39.6,41,126,32.5,58,75,77.3,17,110,127,53,42,13,14,40,633.9,5,0,46
Karl-Anthony Towns,MIN,26,15,6,9,533,348,122,241,50.6,46,100,46,58,68,85.3,43,100,143,52,54,21,17,49,657.6,8,0,14
Donovan Mitchell,UTA,25,14,9,5,447,340,125,285,43.9,43,135,31.9,47,54,87,14,45,59,65,40,28,3,39,561.3,0,0,113
Miles Bridges,CHA,23,16,9,7,586,340,124,274,45.3,39,116,33.6,53,71,74.6,23,97,120,57,28,25,14,41,658.5,2,0,68
Anthony Edwards,MIN,20,15,6,9,545,337,127,302,42.1,45,134,33.6,38,51,74.5,27,72,99,52,53,20,11,38,573.8,2,0,9
CJ McCollum,POR,30,16,8,8,561,328,126,296,42.6,53,135,39.3,23,31,74.2,16,50,66,69,31,17,13,32,569.7,0,0,-4
Tyler Herro,MIA,21,15,10,5,507,325,124,273,45.4,42,108,38.9,35,40,87.5,11,72,83,59,41,8,0,21,496.1,1,0,91
James Harden,BKN,32,16,11,5,550,324,95,220,43.2,47,119,39.5,87,99,87.9,15,106,121,141,79,19,12,36,694.7,8,3,23
Luka Doncic,DAL,22,13,9,4,452,324,121,279,43.4,32,104,30.8,50,74,67.6,9,99,108,103,54,17,8,29,629.1,8,1,-86
Jimmy Butler,MIA,32,13,9,4,434,323,109,204,53.4,6,20,30,99,115,86.1,22,51,73,71,25,27,5,23,588.1,3,1,67
Devin Booker,PHX,25,14,11,3,462,322,118,269,43.9,31,84,36.9,55,66,83.3,14,73,87,71,37,15,3,35,549.9,0,0,92
Russell Westbrook,LAL,33,16,8,8,568,310,118,276,42.8,21,70,30,53,77,68.8,21,114,135,140,83,21,3,51,671,8,3,-67
Damian Lillard,POR,31,15,8,7,537,306,111,289,38.4,39,138,28.3,45,52,86.5,6,58,64,123,39,11,4,22,573.3,5,0,33
Harrison Barnes,SAC,29,15,6,9,539,306,94,193,48.7,34,80,42.5,84,97,86.6,24,95,119,34,28,16,2,19,525.8,4,0,-33
De'Aaron Fox,SAC,23,15,6,9,530,305,114,273,41.8,17,70,24.3,60,84,71.4,11,43,54,93,47,21,8,46,549.3,1,0,-23
Jonas Valanciunas,NOP,29,16,2,14,537,304,114,223,51.1,16,29,55.2,60,69,87,51,155,206,41,33,10,16,54,657.7,11,0,-73
OG Anunoby,TOR,24,15,7,8,560,302,114,265,43,41,112,36.6,33,40,82.5,24,57,81,41,25,23,9,41,531.7,1,0,0
LaMelo Ball,CHA,20,16,9,7,520,301,112,269,41.6,43,113,38.1,34,37,91.9,23,96,119,120,48,33,6,53,692.8,4,1,43
Cole Anthony,ORL,21,15,4,11,513,298,101,240,42.1,44,118,37.3,52,60,86.7,9,94,103,85,46,18,4,38,569.1,4,0,-4
Julius Randle,NYK,26,15,8,7,531,297,105,255,41.2,33,94,35.1,54,72,75,27,123,150,75,49,10,13,41,609.5,8,0,-67
Fred VanVleet,TOR,27,15,7,8,577,296,106,244,43.4,47,117,40.2,37,44,84.1,12,64,76,103,43,25,9,31,600.7,2,0,34
Shai Gilgeous-Alexander,OKC,23,14,6,8,488,296,103,246,41.9,31,94,33,59,71,83.1,9,63,72,64,37,16,7,29,510.4,0,0,-54
Domantas Sabonis,IND,25,16,6,10,575,292,117,203,57.6,14,47,29.8,44,64,68.8,49,135,184,59,50,20,6,53,629.3,11,0,17
Bradley Beal,WAS,28,12,7,5,431,287,108,254,42.5,24,83,28.9,47,49,95.9,8,56,64,68,48,15,5,24,477.8,1,0,14
Tyrese Maxey,PHI,21,16,9,7,571,284,112,214,52.3,23,53,43.4,37,44,84.1,6,54,60,70,21,12,10,36,506,0,0,29
Gordon Hayward,CHA,31,16,9,7,555,282,102,218,46.8,32,75,42.7,46,53,86.8,11,68,79,56,35,10,5,28,470.8,1,0,-19
John Collins,ATL,24,16,7,9,509,274,108,189,57.1,17,44,38.6,41,54,75.9,31,100,131,34,17,13,15,46,549.2,5,0,34
Gary Trent Jr.,TOR,22,16,7,9,552,273,104,233,44.6,40,111,36,25,28,89.3,9,44,53,27,17,38,6,33,492.1,0,0,0
Dejounte Murray,SAS,25,15,4,11,517,272,115,258,44.6,18,58,31,24,35,68.6,11,111,122,117,36,30,7,31,668.9,5,2,8
Reggie Jackson,LAC,31,15,9,6,514,271,102,260,39.2,48,140,34.3,19,21,90.5,10,41,51,62,27,10,2,23,434.2,0,0,57
Darius Garland,CLE,21,15,8,7,518,267,99,213,46.5,41,108,38,28,32,87.5,4,31,35,98,58,21,1,19,464,3,0,32
Andrew Wiggins,GSW,26,15,13,2,431,265,100,206,48.5,25,76,32.9,40,50,80,16,46,62,23,25,12,6,25,402.9,0,0,65
Montrezl Harrell,WAS,27,15,10,5,429,261,96,150,64,1,6,16.7,68,83,81.9,36,92,128,36,15,8,14,30,519.6,5,0,70
Bam Adebayo,MIA,24,13,8,5,427,256,93,183,50.8,0,0,0,70,83,84.3,33,110,143,34,38,17,6,41,509.6,8,0,50
Bojan Bogdanovic,UTA,32,15,10,5,450,255,84,190,44.2,32,87,36.8,55,59,93.2,16,49,65,27,23,6,1,19,371.5,0,0,96
Buddy Hield,SAC,28,15,6,9,428,255,87,212,41,65,161,40.4,16,20,80,12,54,66,31,25,12,4,33,403.7,0,0,23
Dennis Schroder,BOS,28,15,7,8,494,255,92,209,44,22,67,32.8,49,55,89.1,12,45,57,76,44,18,1,36,450.4,0,0,24
Ricky Rubio,CLE,31,17,9,8,502,255,86,224,38.4,36,97,37.1,47,53,88.7,7,55,62,108,53,23,2,36,513.4,3,0,50
Nickeil Alexander-Walker,NOP,23,16,2,14,493,249,92,241,38.2,35,120,29.2,30,40,75,22,51,73,41,24,19,7,30,452.1,2,0,-60
Jordan Poole,GSW,22,15,13,2,438,248,92,216,42.6,34,119,28.6,30,32,93.8,3,37,40,48,36,20,4,40,404,0,0,62
Devonte' Graham,NOP,26,16,2,14,514,245,82,211,38.9,47,131,35.9,34,44,77.3,11,32,43,82,35,19,3,23,450.6,0,0,-14
Malcolm Brogdon,IND,28,11,4,7,403,244,90,201,44.8,19,66,28.8,45,52,86.5,13,65,78,72,33,7,7,22,454.6,3,1,9
Carmelo Anthony,LAL,37,16,8,8,463,243,87,187,46.5,45,103,43.7,24,31,77.4,7,59,66,15,14,14,12,35,408.7,0,0,-14
Christian Wood,HOU,26,15,1,14,490,241,92,208,44.2,24,76,31.6,33,64,51.6,27,140,167,31,27,10,11,35,523.9,7,0,-130
Seth Curry,PHI,31,15,9,6,499,236,86,167,51.5,35,79,44.3,29,31,93.5,8,41,49,40,26,11,2,27,367.8,0,0,49
D'Angelo Russell,MIN,25,13,6,7,407,235,83,219,37.9,37,112,33,32,37,86.5,3,42,45,72,34,13,9,28,429,0,0,86
Norman Powell,POR,28,14,7,7,407,235,81,164,49.4,28,64,43.8,45,55,81.8,7,31,38,21,14,12,6,25,352.1,0,0,18
Jerami Grant,DET,27,13,4,9,421,234,79,195,40.5,21,68,30.9,55,67,82.1,14,42,56,30,27,15,14,25,406.2,0,0,-108
RJ Barrett,NYK,21,15,8,7,499,234,87,215,40.5,28,88,31.8,32,44,72.7,10,77,87,36,31,5,5,34,391.4,1,0,-48
Keldon Johnson,SAS,22,15,4,11,462,231,89,198,44.9,17,45,37.8,36,52,69.2,16,78,94,33,22,16,4,25,431.3,1,0,-28
Grayson Allen,MIL,26,15,7,8,449,229,76,170,44.7,54,126,42.9,23,25,92,9,53,62,21,10,12,5,28,375.9,0,0,25
Jordan Clarkson,UTA,29,15,10,5,377,228,81,226,35.8,38,147,25.9,28,31,90.3,10,34,44,28,26,12,4,22,344.8,0,0,90
Luguentz Dort,OKC,22,13,6,7,422,223,79,173,45.7,26,89,29.2,39,46,84.8,13,44,57,24,23,11,4,37,349.4,0,0,-70
Rudy Gobert,UTA,29,15,10,5,462,223,79,109,72.5,0,0,0,65,99,65.7,42,185,227,13,29,15,28,39,614.9,12,0,78
Kelly Oubre Jr.,CHA,25,16,9,7,416,222,81,186,43.5,41,105,39,19,29,65.5,21,45,66,18,15,13,4,39,364.2,0,0,-34
Scottie Barnes,TOR,20,14,5,9,497,222,93,183,50.8,2,13,15.4,34,43,79.1,41,73,114,42,31,14,8,36,456.8,2,0,-9
Brandon Ingram,NOP,24,9,2,7,321,219,84,187,44.9,19,47,40.4,32,38,84.2,6,50,56,42,31,2,4,23,336.2,0,0,-47
Evan Mobley,CLE,20,15,9,6,506,219,87,176,49.4,8,26,30.8,37,48,77.1,26,94,120,37,27,15,24,30,508.5,4,0,35
Desmond Bane,MEM,23,15,8,7,431,216,84,187,44.9,33,97,34,15,16,93.8,8,50,58,31,21,11,5,35,359.1,0,0,17
Jalen Green,HOU,19,15,1,14,483,216,74,203,36.5,29,104,27.9,39,48,81.3,5,45,50,39,45,11,4,25,334.5,0,0,-212
Will Barton,DEN,30,13,8,5,436,216,85,180,47.2,33,78,42.3,13,17,76.5,7,58,65,57,21,15,7,14,424.5,0,0,74
Jalen Brunson,DAL,25,14,9,5,415,214,84,168,50,17,48,35.4,29,37,78.4,7,59,66,70,20,9,1,25,408.2,2,0,82
Jaren Jackson Jr.,MEM,22,15,8,7,400,214,74,191,38.7,33,94,35.1,33,37,89.2,18,68,86,16,23,13,31,47,450.2,0,0,50
Myles Turner,IND,25,16,6,10,466,214,75,142,52.8,32,77,41.6,32,47,68.1,24,96,120,16,29,11,50,43,536,4,0,35
Richaun Holmes,SAC,28,15,6,9,412,214,90,132,68.2,2,4,50,32,38,84.2,44,115,159,19,28,6,17,49,474.3,7,0,5
Kyle Kuzma,WAS,26,15,10,5,501,212,79,191,41.4,38,106,35.8,16,31,51.6,13,123,136,35,28,11,11,31,465.7,6,0,-23
Tim Hardaway Jr.,DAL,29,14,9,5,452,211,74,178,41.6,38,103,36.9,25,33,75.8,3,50,53,35,8,12,1,27,358.1,0,0,-37
Jaylen Brown,BOS,25,8,3,5,292,205,75,152,49.3,23,58,39.7,32,41,78,3,46,49,20,23,10,4,25,312.8,0,0,46
Franz Wagner,ORL,20,15,4,11,485,204,79,175,45.1,24,64,37.5,22,28,78.6,21,43,64,28,18,19,8,39,385.8,0,0,-38
Spencer Dinwiddie,WAS,28,13,9,4,388,204,72,173,41.6,26,73,35.6,34,36,94.4,10,59,69,74,23,5,3,28,398.8,3,0,7
Wendell Carter Jr.,ORL,22,15,4,11,431,203,80,155,51.6,26,58,44.8,17,28,60.7,36,110,146,35,24,11,10,42,469.7,7,0,-7
Chris Duarte,IND,24,14,6,8,450,200,78,181,43.1,31,77,40.3,13,17,76.5,8,54,62,30,24,13,1,28,337.4,0,0,33
Jarrett Allen,CLE,23,14,9,5,453,199,84,121,69.4,1,3,33.3,30,51,58.8,43,110,153,24,27,17,13,25,481.6,7,0,-21
Tobias Harris,PHI,29,10,5,5,329,199,80,161,49.7,14,41,34.1,25,29,86.2,11,72,83,42,17,2,6,15,368.6,3,0,1
Chris Paul,PHX,36,14,11,3,451,198,70,151,46.4,14,43,32.6,44,52,84.6,6,52,58,147,31,34,6,27,577.1,6,0,60
Lonzo Ball,CHI,24,15,10,5,529,198,73,172,42.4,47,104,45.2,5,6,83.3,13,66,79,68,35,29,12,36,482.8,1,1,97
Saddiq Bey,DET,22,14,4,10,455,197,72,192,37.5,27,86,31.4,26,35,74.3,32,63,95,40,20,17,3,20,411,1,0,-94
Joel Embiid,PHI,27,9,7,2,278,193,60,138,43.5,13,33,39.4,60,77,77.9,16,70,86,36,27,8,13,20,386.2,2,0,54
LaMarcus Aldridge,BKN,36,15,10,5,306,192,80,138,58,9,21,42.9,23,30,76.7,21,61,82,15,11,5,17,26,367.9,0,0,48
Mikal Bridges,PHX,25,14,11,3,463,192,79,149,53,22,56,39.3,12,16,75,8,41,49,21,10,13,10,29,341.3,0,0,105
Derrick Rose,NYK,33,15,8,7,339,191,76,161,47.2,25,58,43.1,14,15,93.3,11,33,44,50,23,15,6,5,358.8,0,0,120
Devin Vassell,SAS,21,15,4,11,387,187,71,151,47,29,74,39.2,16,22,72.7,7,53,60,22,12,17,11,34,364,0,0,28
Cam Reddish,ATL,22,16,7,9,364,186,63,157,40.1,25,70,35.7,35,38,92.1,15,31,46,15,23,19,3,22,306.7,0,0,-57
Georges Niang,PHI,28,16,9,7,388,186,65,147,44.2,36,90,40,20,22,90.9,5,36,41,27,12,13,4,42,314.7,0,0,45
Aaron Gordon,DEN,26,15,9,6,461,185,73,151,48.3,15,46,32.6,24,32,75,30,56,86,27,24,7,14,32,367.7,1,0,133
Anfernee Simons,POR,22,16,8,8,356,185,70,154,45.5,31,84,36.9,14,15,93.3,9,29,38,33,16,7,2,22,291.1,0,0,19
Bogdan Bogdanovic,ATL,29,15,7,8,447,184,70,157,44.6,34,87,39.1,10,12,83.3,7,45,52,39,16,10,2,31,324.9,0,0,-21
Evan Fournier,NYK,29,15,8,7,424,183,67,165,40.6,33,94,35.1,16,21,76.2,8,38,46,29,17,15,4,23,321.7,0,0,-47
Kevin Porter Jr.,HOU,21,14,1,13,431,178,62,171,36.3,24,78,30.8,30,47,63.8,14,44,58,71,59,18,6,37,367.1,1,0,-94
Jusuf Nurkic,POR,27,16,8,8,387,177,68,121,56.2,2,11,18.2,39,51,76.5,43,136,179,32,33,21,9,42,496.8,6,0,58
Collin Sexton,CLE,22,11,7,4,316,176,68,151,45,11,45,24.4,29,39,74.4,13,23,36,23,31,10,0,25,252.7,0,0,-30
Kristaps Porzingis,DAL,26,9,6,3,263,175,63,147,42.9,19,55,34.5,30,35,85.7,21,50,71,18,13,7,14,22,337.2,3,0,-33
Patty Mills,BKN,33,16,11,5,417,175,60,143,42,45,94,47.9,10,11,90.9,4,24,28,40,14,9,2,26,287.6,0,0,92
Clint Capela,ATL,27,16,7,9,472,174,75,134,56,0,1,0,24,44,54.5,59,127,186,20,10,14,19,39,516.2,10,0,-27
Duncan Robinson,MIA,27,16,11,5,472,174,60,168,35.7,49,146,33.6,5,8,62.5,6,57,63,24,13,14,6,50,332.6,0,0,81
Kyle Lowry,MIA,35,14,10,4,481,173,61,145,42.1,28,87,32.2,23,26,88.5,7,63,70,107,42,17,3,35,435.5,3,1,69
Pat Connaughton,MIL,28,15,7,8,449,173,64,135,47.4,39,99,39.4,6,9,66.7,14,60,74,26,13,14,5,22,344.8,0,0,-57
Jae'Sean Tate,HOU,26,15,1,14,411,172,66,135,48.9,10,35,28.6,30,41,73.2,36,67,103,26,26,11,8,49,365.6,2,0,-111
Kemba Walker,NYK,31,14,8,6,355,171,63,144,43.8,32,76,42.1,13,17,76.5,2,33,35,41,19,16,3,14,312.5,0,0,-107
Mike Conley,UTA,34,13,10,3,369,171,61,128,47.7,33,76,43.4,16,19,84.2,3,21,24,74,21,17,4,27,352.8,1,0,88
Mo Bamba,ORL,23,15,4,11,459,171,66,145,45.5,22,66,33.3,17,24,70.8,43,100,143,31,23,15,33,45,510.1,6,0,-77
Terry Rozier,CHA,27,11,6,5,353,171,65,167,38.9,21,78,26.9,20,22,90.9,8,34,42,33,20,11,5,14,298.9,0,0,-7
Monte Morris,DEN,26,15,9,6,449,170,75,163,46,17,57,29.8,3,6,50,6,36,42,62,20,14,2,25,341.4,0,0,128
Tyrese Haliburton,SAC,21,13,6,7,430,168,67,146,45.9,19,49,38.8,15,18,83.3,12,38,50,70,24,19,13,16,405,1,0,-9
Cedi Osman,CLE,26,15,9,6,327,165,57,121,47.1,36,87,41.4,15,22,68.2,6,33,39,24,13,10,3,24,273.8,0,0,5
Furkan Korkmaz,PHI,24,15,8,7,387,164,58,150,38.7,32,93,34.4,16,18,88.9,5,41,46,43,16,10,3,10,306.7,0,0,3
Derrick White,SAS,27,15,4,11,454,163,60,152,39.5,20,67,29.9,23,29,79.3,5,41,46,79,24,17,12,36,399.7,1,0,-67
Lonnie Walker IV,SAS,22,15,4,11,348,161,58,157,36.9,24,85,28.2,21,26,80.8,1,43,44,39,20,12,7,18,309.3,0,0,13
Jalen Suggs,ORL,20,14,4,10,391,160,54,169,32,16,68,23.5,36,43,83.7,11,33,44,49,47,13,6,37,296.3,0,0,-25
Terrence Ross,ORL,30,15,4,11,394,160,57,143,39.9,20,72,27.8,26,33,78.8,4,23,27,30,18,9,3,15,255.4,0,0,-154
Eric Bledsoe,LAC,31,15,9,6,426,159,58,145,40,13,53,24.5,30,35,85.7,10,52,62,60,35,24,10,26,390.4,0,0,-51
Eric Gordon,HOU,32,12,1,11,338,159,56,116,48.3,26,56,46.4,21,30,70,3,25,28,24,24,9,7,12,252.6,0,0,-25
Joe Harris,BKN,30,14,10,4,423,158,56,124,45.2,41,88,46.6,5,6,83.3,5,51,56,14,16,7,2,31,257.2,0,0,18
Luke Kennard,LAC,25,15,9,6,400,158,57,125,45.6,38,83,45.8,6,6,100,1,48,49,31,7,10,1,18,289.3,0,0,139
Al Horford,BOS,35,12,6,6,355,157,59,129,45.7,15,54,27.8,24,28,85.7,18,86,104,38,16,11,26,24,433.8,5,0,4
T.J. McConnell,IND,29,16,6,10,417,153,71,138,51.4,7,21,33.3,4,7,57.1,10,45,55,84,22,15,7,32,389,1,0,-51
Nikola Vucevic,CHI,31,11,8,3,376,150,62,157,39.5,12,45,26.7,14,19,73.7,19,101,120,47,16,13,10,23,417.5,7,0,50
De'Anthony Melton,MEM,23,15,8,7,392,149,57,144,39.6,27,75,36,8,10,80,11,49,60,35,22,24,11,28,356.5,0,0,-7
Ivica Zubac,LAC,24,15,9,6,372,149,55,88,62.5,0,0,0,39,52,75,39,82,121,17,16,6,15,31,366.7,4,0,-30
LeBron James,LAL,36,6,4,2,222,149,57,122,46.7,17,49,34.7,18,23,78.3,3,30,33,42,25,14,5,14,283.6,2,0,15
Shake Milton,PHI,25,12,7,5,311,149,58,127,45.7,10,36,27.8,23,26,88.5,7,33,40,39,15,6,3,28,267.5,0,0,-24
Darius Bazley,OKC,21,14,6,8,389,148,55,141,39,18,58,31,20,32,62.5,15,81,96,18,25,10,15,13,340.2,1,0,-77
Justin Holiday,IND,32,16,6,10,465,148,53,134,39.6,37,104,35.6,5,6,83.3,6,41,47,23,18,9,3,37,256.9,0,0,9
Davion Mitchell,SAC,23,15,6,9,390,141,57,144,39.6,18,62,29,9,13,69.2,8,30,38,59,16,13,4,38,310.1,0,0,8
Malik Monk,LAL,23,16,8,8,358,140,52,120,43.3,23,71,32.4,13,16,81.3,6,27,33,33,21,11,3,17,250.1,0,0,35
Bobby Portis,MIL,26,10,4,6,273,138,58,125,46.4,13,40,32.5,9,14,64.3,24,47,71,14,17,8,9,25,278.2,2,0,-26
JaVale McGee,PHX,33,14,11,3,231,137,60,91,65.9,0,0,0,17,27,63,30,67,97,8,21,3,16,36,301.4,1,0,45
Josh Hart,NOP,26,12,1,11,355,137,50,100,50,12,30,40,25,32,78.1,14,60,74,44,15,8,3,32,309.8,1,0,-57
Kentavious Caldwell-Pope,WAS,28,15,10,5,457,137,50,129,38.8,27,80,33.8,10,12,83.3,8,49,57,24,16,20,5,26,300.4,0,0,5
Malik Beasley,MIN,24,15,6,9,375,137,49,152,32.2,35,111,31.5,4,8,50,6,39,45,24,10,11,2,13,256,0,0,-70
Khris Middleton,MIL,30,7,4,3,219,136,48,114,42.1,11,41,26.8,29,34,85.3,3,30,33,33,21,12,2,15,246.1,0,0,-4
Terance Mann,LAC,25,14,8,6,411,136,51,114,44.7,16,47,34,18,23,78.3,20,48,68,37,13,11,2,30,299.1,1,0,92
Caris LeVert,IND,27,8,4,4,221,133,52,132,39.4,10,43,23.3,19,26,73.1,4,19,23,28,13,8,5,17,228.6,0,0,37
Kevin Huerter,ATL,23,15,6,9,357,133,55,120,45.8,20,56,35.7,3,4,75,6,49,55,30,18,4,4,27,250,0,0,3
Marcus Smart,BOS,27,14,7,7,501,133,45,130,34.6,19,73,26,24,33,72.7,4,47,51,72,26,35,4,29,393.2,0,0,69
Alec Burks,NYK,30,15,8,7,303,132,43,109,39.4,28,70,40,18,25,72,4,45,49,26,8,12,6,28,275.8,0,0,47
Josh Giddey,OKC,19,14,6,8,408,131,56,146,38.4,11,45,24.4,8,13,61.5,20,77,97,82,39,16,9,27,406.4,2,0,-91
Kyle Anderson,MEM,28,15,8,7,332,130,51,116,44,15,36,41.7,13,17,76.5,17,62,79,37,13,14,8,25,333.3,0,0,-87
Robert Williams III,BOS,24,13,7,6,400,130,58,79,73.4,0,0,0,14,23,60.9,53,67,120,18,15,13,24,19,397,6,0,65
Damion Lee,GSW,29,12,10,2,277,127,46,101,45.5,18,48,37.5,17,21,81,5,36,41,17,6,2,1,12,204.7,0,0,80
Deandre Ayton,PHX,23,8,5,3,243,126,57,92,62,1,4,25,11,19,57.9,27,66,93,10,11,8,5,22,280.6,5,0,5
Kelly Olynyk,DET,30,10,2,8,230,125,45,98,45.9,14,41,34.1,21,35,60,13,40,53,23,15,14,7,27,271.1,1,0,-37
Nicolas Batum,LAC,32,13,9,4,355,125,46,89,51.7,30,68,44.1,3,7,42.9,5,69,74,21,10,15,11,15,313.3,0,0,39
Jae Crowder,PHX,31,14,11,3,402,124,43,118,36.4,26,80,32.5,12,16,75,8,64,72,19,14,17,10,29,305.9,0,0,86
Nassir Little,POR,21,16,8,8,351,124,45,96,46.9,15,49,30.6,19,23,82.6,22,67,89,12,16,14,12,36,310.8,1,0,-12
Cade Cunningham,DET,20,9,4,5,274,123,45,130,34.6,17,66,25.8,16,18,88.9,11,41,52,35,30,10,4,20,249.9,1,0,-46
Doug McDermott,SAS,29,12,3,9,307,123,46,104,44.2,25,57,43.9,6,9,66.7,5,22,27,14,8,2,0,15,174.4,0,0,-54
Alperen Sengun,HOU,19,14,1,13,256,122,40,85,47.1,6,16,37.5,36,54,66.7,20,45,65,29,30,18,8,41,291.5,1,0,-67
Immanuel Quickley,NYK,22,15,8,7,263,122,39,102,38.2,23,60,38.3,21,23,91.3,7,24,31,35,11,9,0,20,227.7,0,0,86
Jrue Holiday,MIL,31,9,5,4,270,122,48,125,38.4,15,49,30.6,11,14,78.6,4,32,36,54,27,14,3,16,270.2,1,0,-1
Draymond Green,GSW,31,15,13,2,445,121,49,87,56.3,6,16,37.5,17,32,53.1,21,92,113,114,43,17,13,39,474.6,1,0,97
Cody Martin,CHA,26,16,9,7,386,120,42,97,43.3,13,31,41.9,23,30,76.7,22,47,69,30,8,22,8,21,329.8,0,0,-21
Daniel Theis,HOU,29,13,1,12,305,120,46,88,52.3,14,39,35.9,14,18,77.8,14,46,60,9,15,7,6,32,229.5,1,0,-126
Jordan Nwora,MIL,23,15,7,8,303,120,46,117,39.3,21,61,34.4,7,9,77.8,6,47,53,21,15,3,6,15,227.1,0,0,-24
De'Andre Hunter,ATL,23,11,3,8,306,119,50,111,45,15,38,39.5,4,10,40,4,26,30,7,14,7,3,32,181.5,0,0,-28
Bruce Brown,BKN,25,15,10,5,391,118,52,108,48.1,7,21,33.3,7,10,70,15,49,64,18,10,24,8,34,307.8,0,0,-9
Naz Reid,MIN,22,13,5,8,202,118,43,88,48.9,12,35,34.3,20,27,74.1,14,26,40,11,8,8,13,32,237.5,0,0,-69
Alex Caruso,CHI,27,15,10,5,438,117,39,91,42.9,13,40,32.5,26,30,86.7,12,44,56,64,25,37,7,44,387.2,1,0,56
Obi Toppin,NYK,23,15,8,7,227,117,46,82,56.1,4,22,18.2,21,31,67.7,15,36,51,16,12,5,12,24,241.2,0,0,88
Steven Adams,MEM,28,15,8,7,385,116,45,88,51.1,0,0,0,26,38,68.4,60,70,130,43,23,12,11,27,382.5,1,0,-11
Dorian Finney-Smith,DAL,28,14,9,5,433,115,42,108,38.9,22,67,32.8,9,14,64.3,28,44,72,17,16,20,8,34,294.9,0,0,-53
Josh Jackson,DET,24,13,3,10,281,115,42,99,42.4,13,46,28.3,18,27,66.7,10,43,53,27,20,6,6,25,235.1,0,0,-81
Royce O'Neale,UTA,28,15,10,5,467,115,43,87,49.4,20,58,34.5,9,13,69.2,13,56,69,34,20,24,10,33,330.8,0,0,102
Svi Mykhailiuk,TOR,24,16,7,9,283,115,40,84,47.6,18,47,38.3,17,19,89.5,11,31,42,18,13,12,0,22,215.4,0,0,-38
P.J. Tucker,MIA,36,16,11,5,449,114,44,82,53.7,19,42,45.2,7,9,77.8,31,68,99,24,16,9,2,40,285.8,2,0,93
Jeff Green,DEN,35,15,9,6,319,113,38,90,42.2,6,31,19.4,31,39,79.5,5,30,35,13,9,3,4,24,186.5,0,0,-7
Robert Covington,POR,30,16,8,8,436,112,40,94,42.6,31,78,39.7,1,1,100,6,67,73,18,16,19,15,32,312.6,0,0,3
Isaiah Stewart,DET,20,14,4,10,345,111,51,93,54.8,1,9,11.1,8,10,80,32,76,108,17,13,6,18,36,325.1,0,0,-103
Joe Ingles,UTA,34,15,10,5,376,111,39,90,43.3,28,72,38.9,5,6,83.3,7,42,49,52,15,5,2,28,253.8,0,0,53
Larry Nance Jr.,POR,28,16,8,8,304,110,45,78,57.7,9,24,37.5,11,18,61.1,23,57,80,25,17,11,8,24,283.5,0,0,32
Andre Drummond,PHI,28,15,8,7,332,109,44,96,45.8,0,1,0,21,35,60,51,111,162,33,26,17,16,39,425.9,4,0,6
Grant Williams,BOS,22,15,7,8,288,109,37,73,50.7,20,49,40.8,15,17,88.2,10,34,44,14,8,3,4,24,195.8,0,0,-34
George Hill,MIL,35,14,7,7,395,108,42,95,44.2,14,41,34.1,10,11,90.9,13,43,56,43,17,13,2,28,267.7,0,0,81
Hassan Whiteside,UTA,32,15,10,5,244,108,45,75,60,0,0,0,18,26,69.2,32,74,106,4,17,4,22,43,302.2,1,0,67
Mason Plumlee,CHA,31,16,9,7,435,108,48,82,58.5,0,0,0,12,38,31.6,43,82,125,46,17,14,16,46,400,3,0,0
Patrick Beverley,MIN,33,13,5,8,353,108,42,91,46.2,15,48,31.3,9,13,69.2,18,43,61,63,18,9,13,45,323.7,1,0,-7
Frank Jackson,DET,23,14,4,10,267,107,38,98,38.8,18,62,29,13,18,72.2,2,15,17,9,11,7,2,19,156.9,0,0,-46
Isaiah Hartenstein,LAC,23,14,9,5,234,106,44,68,64.7,1,2,50,17,27,63,24,50,74,20,17,12,14,38,285.8,1,0,76
R.J. Hampton,ORL,20,15,4,11,270,106,38,91,41.8,15,35,42.9,15,27,55.6,6,37,43,27,21,6,4,24,207.1,0,0,-93
Daniel Gafford,WAS,23,12,8,4,247,105,45,69,65.2,0,0,0,15,23,65.2,22,39,61,11,9,9,20,27,272.7,0,0,-20
Josh Richardson,BOS,28,12,6,6,293,103,40,85,47.1,12,37,32.4,11,13,84.6,9,27,36,16,11,8,8,24,207.2,0,0,-25
Lauri Markkanen,CLE,24,8,4,4,246,103,35,97,36.1,14,50,28,19,22,86.4,10,37,47,12,7,10,7,10,221.4,0,0,-16
Nemanja Bjelica,GSW,33,15,13,2,231,103,38,79,48.1,16,38,42.1,11,13,84.6,13,49,62,27,16,14,5,19,258.9,1,0,128
Raul Neto,WAS,29,14,9,5,288,103,45,92,48.9,6,23,26.1,7,12,58.3,1,27,28,39,22,13,1,31,215.1,0,0,23
Drew Eubanks,SAS,24,15,4,11,257,102,38,67,56.7,0,2,0,26,34,76.5,22,60,82,26,21,7,15,27,284.4,1,0,-25
Cory Joseph,DET,30,14,4,10,281,101,36,78,46.2,8,28,28.6,21,26,80.8,6,17,23,42,20,10,3,21,210.6,0,0,-15
Dwight Powell,DAL,30,14,9,5,316,101,39,66,59.1,5,13,38.5,18,28,64.3,34,44,78,17,13,10,12,40,273.1,0,0,-56
Mitchell Robinson,NYK,23,14,7,7,367,101,40,49,81.6,0,0,0,21,35,60,42,67,109,12,10,5,23,40,323.8,3,0,-58
Cameron Johnson,PHX,25,14,11,3,305,100,35,98,35.7,21,61,34.4,9,10,90,5,42,47,15,7,12,4,18,219.9,0,0,-13
Jakob Poeltl,SAS,26,8,2,6,225,99,47,73,64.4,0,0,0,5,15,33.3,37,33,70,19,12,6,9,23,244.5,3,0,-35
Trey Lyles,DET,26,14,4,10,220,98,31,80,38.8,10,39,25.6,26,33,78.8,16,37,53,12,16,6,3,13,190.6,0,0,-25
Kevin Love,CLE,33,9,3,6,188,97,31,84,36.9,10,39,25.6,25,27,92.6,12,55,67,20,9,2,1,8,207.4,2,0,-8
Landry Shamet,PHX,24,13,10,3,229,97,31,79,39.2,23,58,39.7,12,14,85.7,2,26,28,18,6,3,2,13,166.6,0,0,-24
Precious Achiuwa,TOR,22,13,7,6,314,97,40,115,34.8,3,16,18.8,14,26,53.8,27,86,113,19,15,8,10,30,300.1,3,0,-4
Thaddeus Young,SAS,33,12,3,9,219,97,46,78,59,0,2,0,5,14,35.7,21,28,49,42,17,15,6,20,264.8,0,0,9
Bones Hyland,DEN,21,12,7,5,195,95,32,86,37.2,18,58,31,13,14,92.9,3,22,25,23,11,10,3,19,187.5,0,0,-17
Frank Kaminsky,PHX,28,9,8,1,181,95,36,66,54.5,5,15,33.3,18,20,90,11,30,41,13,5,8,7,14,203.7,0,0,39
Mike Muscala,OKC,30,11,5,6,154,94,28,58,48.3,17,39,43.6,21,27,77.8,4,31,35,5,4,5,7,14,175.5,0,0,-1
Jaden McDaniels,MIN,21,15,6,9,381,92,38,90,42.2,10,36,27.8,6,10,60,24,40,64,14,14,14,10,55,247.8,0,0,13
Cody Zeller,POR,29,16,8,8,213,91,30,47,63.8,0,4,0,31,41,75.6,30,40,70,13,12,5,2,33,203.5,0,0,-39
Danilo Gallinari,ATL,33,13,5,8,243,91,32,85,37.6,16,44,36.4,11,14,78.6,11,36,47,8,6,5,2,13,174.4,0,0,-10
Gary Payton II,GSW,28,15,13,2,196,91,35,51,68.6,6,15,40,15,23,65.2,15,33,48,13,7,20,1,26,224.1,0,0,115
Tyus Jones,MEM,25,15,8,7,236,91,37,70,52.9,14,29,48.3,3,4,75,3,32,35,47,8,10,0,5,225.5,0,0,-24
Aaron Holiday,WAS,25,15,10,5,279,90,35,82,42.7,10,24,41.7,10,13,76.9,3,23,26,30,18,8,6,27,190.2,0,0,-19
Deni Avdija,WAS,20,15,10,5,325,90,31,72,43.1,11,35,31.4,17,27,63,15,70,85,18,10,9,13,27,275,1,0,64
Garrett Temple,NOP,35,14,2,12,299,90,30,73,41.1,16,40,40,14,18,77.8,12,32,44,20,14,12,11,26,227.8,0,0,-129
Kenyon Martin Jr.,HOU,20,14,1,13,201,89,37,64,57.8,5,16,31.3,10,12,83.3,7,29,36,11,5,5,7,10,179.7,0,0,-4
Michael Porter Jr.,DEN,23,9,5,4,265,89,37,103,35.9,10,48,20.8,5,9,55.6,9,50,59,17,12,10,2,16,209.3,1,0,58
Torrey Craig,IND,30,16,6,10,279,89,34,69,49.3,10,34,29.4,11,13,84.6,21,32,53,15,12,8,4,32,199.1,1,0,-23
Herbert Jones,NOP,23,13,2,11,323,88,36,70,51.4,5,13,38.5,11,14,78.6,18,23,41,19,18,15,8,43,216.7,0,0,20
Kenrich Williams,OKC,26,14,6,8,291,88,33,81,40.7,10,31,32.3,12,20,60,10,39,49,20,13,8,3,24,196.8,0,0,-42
Reggie Bullock,DAL,30,14,9,5,303,88,33,89,37.1,19,60,31.7,3,5,60,4,35,39,11,7,3,1,21,156.3,0,0,-8
Jaxson Hayes,NOP,21,15,2,13,189,87,31,60,51.7,1,6,16.7,24,32,75,23,30,53,4,11,4,12,25,193.6,0,0,-49
Khem Birch,TOR,29,13,6,7,300,87,33,66,50,0,5,0,21,28,75,42,29,71,18,9,10,3,24,229.2,0,0,21
Blake Griffin,BKN,32,15,11,4,335,85,30,98,30.6,9,54,16.7,16,23,69.6,19,57,76,33,8,7,7,33,259.7,1,0,51
Brandon Clarke,MEM,25,12,5,7,176,85,38,66,57.6,0,7,0,9,15,60,20,27,47,15,3,5,10,17,205.9,0,0,7
Dewayne Dedmon,MIA,32,16,11,5,236,84,32,57,56.1,3,4,75,17,23,73.9,26,58,84,8,12,6,6,34,220.8,0,0,91
Otto Porter Jr.,GSW,28,14,12,2,238,84,30,66,45.5,17,44,38.6,7,8,87.5,12,47,59,15,8,12,6,16,223.3,0,0,88
Danny Green,PHI,34,11,5,6,263,83,28,62,45.2,23,55,41.8,4,4,100,7,20,27,11,9,15,9,23,194.9,0,0,39
Jeremiah Robinson-Earl,OKC,21,14,6,8,269,83,33,75,44,13,36,36.1,4,6,66.7,24,49,73,10,12,8,5,16,212.6,0,0,-39
Jeremy Lamb,IND,29,12,3,9,175,83,25,65,38.5,14,35,40,19,19,100,2,25,27,10,7,4,4,14,147.4,0,0,0
P.J. Dozier,DEN,25,15,9,6,293,83,32,85,37.6,14,43,32.6,5,7,71.4,11,33,44,25,11,11,5,27,210.3,0,0,-74
Dalano Banton,TOR,22,16,7,9,206,82,31,61,50.8,4,11,36.4,16,22,72.7,8,26,34,21,17,9,5,23,179.3,0,0,-8
Javonte Green,CHI,28,15,10,5,287,82,33,65,50.8,6,19,31.6,10,12,83.3,17,34,51,10,6,12,5,25,203.2,0,0,4
Avery Bradley,LAL,30,15,7,8,331,81,32,79,40.5,17,44,38.6,0,0,0,6,21,27,14,7,8,3,22,160.4,0,0,-113
Kevon Looney,GSW,25,15,13,2,259,80,31,59,52.5,0,0,0,18,29,62.1,34,61,95,15,8,7,10,34,259.5,1,0,39
Trey Murphy III,NOP,21,16,2,14,279,79,26,84,31,20,61,32.8,7,8,87.5,12,29,41,11,9,5,3,20,159.7,0,0,-64
Cameron Payne,PHX,27,9,8,1,150,78,28,73,38.4,10,33,30.3,12,16,75,2,19,21,24,16,6,2,15,147.2,0,0,26
Chris Boucher,TOR,28,15,7,8,206,78,30,84,35.7,7,40,17.5,11,16,68.8,18,39,57,4,9,9,12,19,206.4,0,0,-12
JaMychal Green,DEN,31,15,9,6,205,78,31,63,49.2,6,29,20.7,10,14,71.4,14,36,50,9,22,12,6,35,183.5,0,0,-75
Ayo Dosunmu,CHI,21,14,9,5,214,77,31,73,42.5,10,24,41.7,5,9,55.6,5,23,28,13,12,4,2,17,136.1,0,0,-14
Bryn Forbes,SAS,28,15,4,11,186,77,29,69,42,15,36,41.7,4,6,66.7,1,14,15,9,12,3,1,9,108.5,0,0,-57
Dillon Brooks,MEM,25,4,2,2,106,77,29,63,46,8,18,44.4,11,12,91.7,2,10,12,11,8,5,0,13,114.9,0,0,31
Markieff Morris,MIA,32,10,7,3,187,77,32,70,45.7,8,22,36.4,5,5,100,13,15,28,14,12,3,1,22,131.6,0,0,27
Jalen McDaniels,CHA,23,14,8,6,177,76,26,47,55.3,13,28,46.4,11,18,61.1,6,29,35,13,6,6,2,17,155.5,0,0,9
Killian Hayes,DET,20,13,4,9,329,76,27,85,31.8,13,34,38.2,9,10,90,11,34,45,48,24,21,5,31,256,1,0,-96
Max Strus,MIA,25,11,9,2,207,76,27,63,42.9,19,46,41.3,3,7,42.9,3,35,38,9,6,4,2,11,147.1,0,0,46
Jarred Vanderbilt,MIN,22,15,6,9,300,75,31,59,52.5,0,5,0,13,14,92.9,35,61,96,14,16,16,11,41,276.2,1,0,-4
Frank Ntilikina,DAL,23,13,8,5,186,73,26,62,41.9,13,31,41.9,8,8,100,3,23,26,16,7,7,2,15,148.2,0,0,34
Derrick Jones Jr.,CHI,24,11,7,4,189,72,26,43,60.5,3,12,25,17,19,89.5,11,24,35,7,6,8,11,22,175.5,0,0,52
Pascal Siakam,TOR,27,5,0,5,160,72,26,62,41.9,5,17,29.4,15,20,75,12,20,32,22,12,6,3,17,158.4,1,0,-14
Caleb Martin,MIA,26,13,9,4,205,71,29,64,45.3,6,26,23.1,7,13,53.8,9,27,36,8,6,12,6,20,174.2,0,0,20
Isaac Okoro,CLE,20,10,4,6,291,71,27,75,36,3,27,11.1,14,21,66.7,17,30,47,17,11,9,3,25,177.9,0,0,-29
Dean Wade,CLE,24,14,7,7,308,70,27,66,40.9,13,42,31,3,4,75,12,38,50,19,4,8,0,25,178.5,0,0,0
Derrick Favors,OKC,30,12,6,6,207,70,31,61,50.8,1,3,33.3,7,12,58.3,21,43,64,6,4,6,1,17,172.8,1,0,-38
Talen Horton-Tucker,LAL,20,3,1,2,103,70,25,51,49,8,20,40,12,12,100,4,18,22,6,6,4,2,9,117.4,1,0,12
Kent Bazemore,LAL,32,15,7,8,340,69,24,75,32,12,42,28.6,9,12,75,4,29,33,13,8,16,4,42,180.1,0,0,-69
P.J. Washington,CHA,23,7,4,3,148,69,25,52,48.1,8,22,36.4,11,14,78.6,10,21,31,10,9,5,7,8,148.2,0,0,-18
DeAndre' Bembry,BKN,27,15,10,5,243,68,27,51,52.9,7,12,58.3,7,11,63.6,7,27,34,16,10,14,4,33,176.8,0,0,-10
Aleksej Pokusevski,OKC,19,14,6,8,209,67,27,79,34.2,8,37,21.6,5,8,62.5,12,46,58,16,18,7,7,14,184.6,0,0,-47
DeAndre Jordan,LAL,33,14,7,7,182,67,31,41,75.6,0,0,0,5,8,62.5,23,57,80,6,10,4,13,23,213,0,0,-30
Eric Paschall,UTA,25,15,10,5,212,65,22,52,42.3,9,34,26.5,12,17,70.6,12,22,34,13,8,2,2,12,129.3,0,0,9
Ziaire Williams,MEM,20,13,7,6,232,64,24,72,33.3,14,51,27.5,2,2,100,5,14,19,6,9,7,5,25,122.8,0,0,-41
Dwight Howard,LAL,35,14,6,8,195,63,20,34,58.8,2,4,50,21,35,60,18,51,69,4,16,14,11,26,210.8,0,0,-2
Ish Smith,CHA,33,13,7,6,187,63,30,78,38.5,1,2,50,2,6,33.3,1,17,18,34,13,6,3,9,149.6,0,0,-41
Lou Williams,ATL,35,11,5,6,132,62,24,64,37.5,5,15,33.3,9,9,100,1,13,14,15,8,6,2,9,117.3,0,0,-4
Austin Reaves,LAL,23,10,6,4,213,61,22,46,47.8,9,28,32.1,8,8,100,2,18,20,10,8,3,2,21,107,0,0,45
Moritz Wagner,ORL,24,14,4,10,135,60,20,47,42.6,12,33,36.4,8,15,53.3,3,31,34,6,9,0,3,25,109.8,0,0,-20
Kelan Martin,IND,26,9,5,4,140,59,24,56,42.9,9,25,36,2,3,66.7,4,15,19,9,4,5,5,13,121.3,0,0,-15
David Nwaba,HOU,28,14,1,13,170,58,23,51,45.1,1,12,8.3,11,18,61.1,8,35,43,10,8,10,4,15,158.6,0,0,-39
Wayne Ellington,LAL,33,8,3,5,177,58,19,52,36.5,18,48,37.5,2,2,100,2,14,16,5,3,2,0,6,87.7,0,0,-11
Gabe Vincent,MIA,25,14,9,5,176,57,22,53,41.5,8,26,30.8,5,6,83.3,8,10,18,25,10,4,0,21,118.1,0,0,23
Ty Jerome,OKC,24,11,6,5,138,57,20,60,33.3,11,39,28.2,6,9,66.7,2,10,12,11,3,7,1,15,108.9,0,0,30
Juan Toscano-Anderson,GSW,28,14,13,1,170,56,20,41,48.8,8,21,38.1,8,10,80,4,25,29,20,13,10,3,17,146.8,0,0,18
Kira Lewis Jr.,NOP,20,13,1,12,169,56,25,75,33.3,5,29,17.2,1,1,100,3,19,22,26,19,4,0,14,114.4,0,0,-119
Thanasis Antetokounmpo,MIL,29,13,5,8,196,56,24,48,50,0,3,0,8,13,61.5,17,32,49,13,9,9,1,24,155.3,0,0,-22
Chuma Okeke,ORL,23,9,3,6,178,54,18,53,34,5,28,17.9,13,13,100,6,25,31,10,9,4,2,11,115.2,0,0,-52
Alex Len,SAC,28,8,3,5,139,53,20,34,58.8,2,5,40,11,14,78.6,6,27,33,11,11,2,12,26,140.1,0,0,-12
Chimezie Metu,SAC,24,6,2,4,124,52,19,46,41.3,9,28,32.1,5,6,83.3,4,31,35,6,9,4,3,8,115,1,0,33
Tre Mann,OKC,20,10,4,6,109,52,21,46,45.7,6,16,37.5,4,8,50,5,9,14,2,5,4,3,15,87.8,0,0,-17
Romeo Langford,BOS,22,11,5,6,209,51,19,46,41.3,9,20,45,4,7,57.1,10,20,30,6,7,4,1,17,104,0,0,-36
Corey Kispert,WAS,22,14,9,5,172,50,19,46,41.3,7,28,25,5,6,83.3,7,21,28,10,5,4,3,7,114.6,0,0,52
Facundo Campazzo,DEN,30,14,8,6,205,50,17,46,37,8,29,27.6,8,10,80,5,22,27,24,13,10,3,17,144.4,0,0,-99
Gary Harris,ORL,27,10,2,8,218,50,22,61,36.1,4,22,18.2,2,3,66.7,8,8,16,15,12,3,1,16,91.7,0,0,-144
Maurice Harkless,SAC,28,12,5,7,257,50,19,49,38.8,8,32,25,4,5,80,1,34,35,7,6,5,7,19,132.5,0,0,6
Tristan Thompson,SAC,30,10,4,6,137,49,19,40,47.5,0,0,0,11,15,73.3,23,34,57,5,8,3,3,19,134.9,0,0,-15
D.J. Augustin,HOU,34,13,1,12,156,47,13,35,37.1,11,27,40.7,10,10,100,1,6,7,24,13,1,0,7,81.4,0,0,-64
Matisse Thybulle,PHI,24,9,7,2,225,46,19,40,47.5,6,19,31.6,2,2,100,4,16,20,12,8,21,15,15,188,0,0,27
Andre Iguodala,GSW,37,12,10,2,250,45,18,43,41.9,5,23,21.7,4,6,66.7,8,34,42,45,9,9,10,12,210.9,0,0,112
Jevon Carter,BKN,26,16,11,5,236,45,15,59,25.4,12,43,27.9,3,4,75,2,21,23,20,4,8,5,20,137.6,0,0,8
Taurean Prince,MIN,27,13,6,7,170,45,15,46,32.6,8,32,25,7,10,70,6,18,24,7,7,4,0,15,89.3,0,0,-39
Dylan Windler,CLE,25,13,7,6,158,44,16,34,47.1,9,22,40.9,3,4,75,7,21,28,15,8,3,2,14,107.1,0,0,3
Nick Richards,CHA,23,12,6,6,111,44,19,29,65.5,0,0,0,6,7,85.7,12,12,24,2,10,4,9,22,104.8,0,0,-33
Davis Bertans,WAS,29,7,5,2,118,43,13,38,34.2,10,30,33.3,7,7,100,1,11,12,4,3,1,0,11,63.4,0,0,-2
Justin Robinson,MIL,24,12,5,7,169,43,16,44,36.4,9,30,30,2,2,100,2,10,12,14,9,8,0,13,93.4,0,0,-36
Maxi Kleber,DAL,29,6,4,2,113,43,14,28,50,11,23,47.8,4,4,100,6,26,32,3,4,3,7,12,111.9,1,0,18
Rajon Rondo,LAL,35,11,3,8,184,43,18,55,32.7,7,23,30.4,0,0,0,5,21,26,46,21,10,3,16,161.2,0,0,-13
Tre Jones,SAS,21,13,4,9,104,43,20,38,52.6,0,3,0,3,3,100,1,11,12,16,5,4,0,7,88.4,0,0,-13
Goran Dragic,TOR,35,5,1,4,90,40,13,34,38.2,4,14,28.6,10,10,100,2,12,14,9,1,5,1,8,87.3,0,0,-22
Terence Davis,SAC,24,10,4,6,125,40,16,56,28.6,8,35,22.9,0,0,0,1,13,14,7,5,5,0,16,77.3,0,0,-6
Xavier Tillman,MEM,22,11,6,5,138,40,17,35,48.6,1,11,9.1,5,7,71.4,10,23,33,12,6,13,1,6,133.6,0,0,-54
Tony Bradley,CHI,23,12,7,5,166,37,18,37,48.6,0,0,0,1,2,50,19,35,54,5,9,1,10,19,133.3,0,0,55
Zeke Nnaji,DEN,20,5,4,1,50,37,13,24,54.2,6,10,60,5,8,62.5,7,12,19,0,1,0,1,4,61.8,0,0,19
Austin Rivers,DEN,29,13,9,4,200,36,14,50,28,6,27,22.2,2,4,50,6,14,20,7,8,7,1,14,86.5,0,0,-27
Paul Millsap,BKN,36,12,8,4,128,36,12,32,37.5,4,16,25,8,11,72.7,7,31,38,10,6,2,4,23,108.6,0,0,20
Boban Marjanovic,DAL,33,7,4,3,41,35,16,23,69.6,0,0,0,3,8,37.5,5,6,11,2,5,0,1,10,49.2,0,0,9
Delon Wright,ATL,29,14,7,7,168,35,12,34,35.3,4,13,30.8,7,10,70,13,22,35,30,6,7,2,3,143,0,0,14
Hamidou Diallo,DET,23,8,1,7,101,35,14,29,48.3,2,9,22.2,5,5,100,3,11,14,5,6,4,2,9,71.3,0,0,-9
Taj Gibson,NYK,36,10,5,5,202,35,14,29,48.3,0,3,0,7,8,87.5,21,30,51,8,9,4,14,34,153.2,0,0,36
Abdel Nader,PHX,28,13,10,3,138,34,12,35,34.3,4,14,28.6,6,8,75,4,21,25,7,10,8,4,16,100.5,0,0,-7
Elfrid Payton,PHX,27,5,3,2,75,34,15,28,53.6,0,1,0,4,8,50,5,12,17,15,7,3,0,8,78.9,0,0,-21
Gorgui Dieng,ATL,31,15,6,9,134,34,11,31,35.5,4,14,28.6,8,12,66.7,19,44,63,12,7,4,5,19,147.6,0,0,28
Isaiah Roby,OKC,23,7,1,6,75,34,13,26,50,2,7,28.6,6,6,100,5,8,13,5,3,1,2,9,63.1,0,0,-13
Paul Reed,PHI,22,12,6,6,129,34,17,32,53.1,0,2,0,0,0,0,15,21,36,7,6,9,8,20,132.7,0,0,-34
Rodney Hood,MIL,29,9,3,6,120,34,9,28,32.1,9,22,40.9,7,7,100,2,15,17,5,1,1,0,8,63.9,0,0,-1
Troy Brown Jr.,CHI,22,11,9,2,87,34,14,30,46.7,5,14,35.7,1,2,50,2,12,14,2,2,2,0,7,57.8,0,0,-15
Keita Bates-Diop,SAS,25,11,3,8,137,33,14,31,45.2,1,8,12.5,4,4,100,7,25,32,3,5,4,5,5,97.9,0,0,31
Naji Marshall,NOP,23,11,1,10,164,33,10,35,28.6,1,15,6.7,12,14,85.7,9,33,42,12,14,7,3,17,117.4,0,0,-80
Patrick Williams,CHI,20,5,4,1,125,33,13,23,56.5,3,6,50,4,4,100,1,10,11,3,2,3,2,9,63.7,0,0,12
Semi Ojeleye,MIL,26,10,4,6,200,33,12,43,27.9,6,25,24,3,5,60,21,19,40,3,5,4,4,16,104.5,0,0,-58
Armoni Brooks,HOU,23,11,1,10,87,32,11,38,28.9,7,30,23.3,3,3,100,2,7,9,3,1,4,0,10,58.3,0,0,30
Amir Coffey,LAC,24,11,6,5,110,31,6,25,24,5,19,26.3,14,15,93.3,3,10,13,5,5,1,2,11,58.1,0,0,24
John Konchar,MEM,25,13,8,5,169,31,13,32,40.6,2,12,16.7,3,8,37.5,11,24,35,11,5,9,4,16,123.5,0,0,-35
Josh Okogie,MIN,23,11,3,8,160,31,10,31,32.3,3,11,27.3,8,16,50,12,19,31,10,8,8,3,13,108.2,0,0,39
Oshae Brissett,IND,23,8,2,6,102,31,13,30,43.3,4,14,28.6,1,5,20,3,16,19,3,7,2,1,9,60.3,0,0,-49
Jonathan Kuminga,GSW,19,9,8,1,75,30,13,29,44.8,1,10,10,3,7,42.9,5,11,16,3,7,3,2,14,61.7,0,0,30
Danuel House Jr.,HOU,28,8,1,7,113,29,9,37,24.3,4,15,26.7,7,8,87.5,1,23,24,9,8,4,2,6,81.3,0,0,-23
Goga Bitadze,IND,22,11,4,7,83,28,10,28,35.7,3,15,20,5,5,100,9,13,22,2,4,7,5,19,89.4,0,0,-13
Jabari Parker,BOS,26,5,2,3,55,28,11,20,55,4,8,50,2,2,100,0,10,10,3,4,2,1,8,49.5,0,0,-17
Justise Winslow,LAC,25,11,8,3,104,28,13,37,35.1,1,8,12.5,1,2,50,6,22,28,12,14,6,5,11,98.6,0,0,-9
Tomas Satoransky,NOP,30,11,1,10,170,28,10,35,28.6,2,9,22.2,6,8,75,4,15,19,26,8,5,0,13,96.8,0,0,-73
Aaron Nesmith,BOS,22,12,6,6,116,27,10,37,27,5,28,17.9,2,2,100,5,18,23,5,4,3,0,12,67.1,0,0,-43
Alize Johnson,CHI,25,10,7,3,86,27,12,20,60,0,1,0,3,5,60,12,17,29,6,6,2,0,8,70.8,0,0,-44
Luka Garza,DET,22,7,0,7,71,26,9,20,45,3,9,33.3,5,6,83.3,7,8,15,4,2,5,1,12,66,0,0,-29
Nic Claxton,BKN,22,4,2,2,76,26,11,20,55,0,0,0,4,9,44.4,3,19,22,3,3,0,4,5,65.9,0,0,-22
Trey Burke,DAL,29,5,1,4,45,26,9,19,47.4,4,7,57.1,4,4,100,0,4,4,5,5,2,0,1,39.3,0,0,6
Josh Christopher,HOU,19,10,1,9,79,25,10,30,33.3,1,6,16.7,4,6,66.7,2,8,10,11,6,6,0,5,65.5,0,0,11
Sam Merrill,MEM,25,6,2,4,58,25,8,24,33.3,7,23,30.4,2,4,50,1,6,7,4,2,0,0,3,37.4,0,0,-9
Denzel Valentine,CLE,28,11,5,6,81,24,9,32,28.1,6,21,28.6,0,0,0,6,10,16,2,4,3,0,8,51.2,0,0,-13
Dennis Smith Jr.,POR,23,7,4,3,94,23,8,18,44.4,2,3,66.7,5,9,55.6,1,9,10,18,9,11,2,7,92,0,0,-25
Sterling Brown,DAL,26,12,8,4,143,23,8,36,22.2,5,27,18.5,2,2,100,6,28,34,8,7,4,2,16,86.8,0,0,2
Isaiah Joe,PHI,22,9,6,3,81,22,8,29,27.6,5,22,22.7,1,1,100,0,11,11,4,3,0,0,7,38.2,0,0,-12
Jay Scrubb,LAC,21,5,3,2,31,22,9,18,50,3,8,37.5,1,2,50,0,3,3,2,1,1,1,3,33.6,0,0,0
Payton Pritchard,BOS,23,13,6,7,128,22,8,36,22.2,6,25,24,0,0,0,6,14,20,16,8,0,2,13,68,0,0,-40
Robin Lopez,ORL,33,5,1,4,59,22,8,13,61.5,0,0,0,6,8,75,5,7,12,3,3,0,2,4,43.9,0,0,-48
Charles Bassey,PHI,21,7,3,4,44,21,9,14,64.3,0,3,0,3,5,60,8,7,15,1,0,1,6,5,61.5,0,0,14
Brandon Boston Jr.,LAC,19,6,5,1,53,20,7,20,35,2,6,33.3,4,5,80,0,7,7,3,2,4,1,2,45.9,0,0,-2
Jordan McLaughlin,MIN,25,12,6,6,120,20,7,27,25.9,2,13,15.4,4,6,66.7,2,10,12,27,8,7,0,6,87.9,0,0,-32
Malachi Flynn,TOR,23,10,5,5,64,20,7,22,31.8,4,12,33.3,2,4,50,3,10,13,5,1,4,1,9,57.1,0,0,13
Rudy Gay,UTA,35,1,1,0,18,20,7,8,87.5,5,6,83.3,1,2,50,1,4,5,2,3,0,0,1,26,0,0,14
Theo Maledon,OKC,20,9,3,6,128,20,7,34,20.6,3,22,13.6,3,4,75,4,12,16,12,11,2,0,8,52.2,0,0,-34
Ben McLemore,POR,28,4,2,2,29,19,6,15,40,5,14,35.7,2,2,100,1,0,1,1,3,0,0,2,18.7,0,0,-19
Brad Wanamaker,IND,32,7,2,5,95,19,6,23,26.1,3,7,42.9,4,6,66.7,3,11,14,19,12,0,5,12,67.3,0,0,-19
Marcus Morris Sr.,LAC,32,2,0,2,55,19,7,18,38.9,3,11,27.3,2,2,100,0,1,1,1,1,2,1,8,29.7,0,0,-30
Moses Moody,GSW,19,12,12,0,76,19,8,23,34.8,2,14,14.3,1,2,50,0,9,9,3,1,0,2,4,39.3,0,0,-11
Nerlens Noel,NYK,27,4,2,2,85,19,7,9,77.8,0,0,0,5,5,100,11,16,27,2,5,7,5,11,85.4,0,0,32
Omer Yurtseven,MIA,23,11,8,3,36,19,8,14,57.1,0,0,0,3,4,75,2,6,8,1,3,0,1,2,30.1,0,0,-2
Sandro Mamukelashvili,MIL,22,7,4,3,61,19,7,15,46.7,3,6,50,2,3,66.7,3,6,9,2,2,0,0,4,30.8,0,0,-22
Day'Ron Sharpe,BKN,20,7,3,4,33,17,7,14,50,1,3,33.3,2,4,50,6,9,15,0,6,2,2,4,41,0,0,4
Jared Butler,UTA,21,12,10,2,54,17,6,24,25,3,14,21.4,2,4,50,0,7,7,7,7,1,6,11,49.9,0,0,0
Lamar Stevens,CLE,24,9,5,4,91,17,7,26,26.9,2,7,28.6,1,1,100,7,7,14,1,2,2,1,9,42.3,0,0,14
Santi Aldama,MEM,20,6,2,4,35,17,7,20,35,1,8,12.5,2,3,66.7,4,5,9,3,0,0,0,3,32.3,0,0,-2
Willie Cauley-Stein,DAL,28,14,9,5,131,16,8,20,40,0,1,0,0,0,0,8,21,29,7,3,3,1,8,70.3,0,0,19
Bol Bol,DEN,22,6,3,3,31,15,7,13,53.8,0,3,0,1,3,33.3,1,9,10,2,0,1,2,3,39,0,0,2
Timothe Luwawu-Cabarrot,ATL,26,9,5,4,29,15,4,13,30.8,3,8,37.5,4,5,80,0,4,4,2,1,2,0,0,27.8,0,0,1
Tony Snell,POR,30,10,5,5,90,15,5,13,38.5,5,13,38.5,0,0,0,1,9,10,5,2,1,2,9,41.5,0,0,-5
Garrison Mathews,HOU,25,2,0,2,36,14,4,10,40,3,9,33.3,3,4,75,1,2,3,1,2,0,1,4,20.1,0,0,4
Greg Brown III,POR,20,6,4,2,30,14,6,17,35.3,0,4,0,2,5,40,4,8,12,4,2,1,2,4,41.4,0,0,-16
Jalen Johnson,ATL,19,6,4,2,18,14,5,10,50,2,4,50,2,2,100,0,5,5,0,0,0,0,0,20,0,0,-1
Rodney McGruder,DET,30,7,0,7,40,14,5,13,38.5,2,7,28.6,2,2,100,2,4,6,3,0,0,1,1,28.7,0,0,20
Sekou Doumbouya,LAL,20,2,0,2,16,14,5,8,62.5,1,2,50,3,4,75,2,4,6,0,2,3,2,1,34.2,0,0,24
Skylar Mays,ATL,24,6,4,2,18,14,4,5,80,1,2,50,5,5,100,0,2,2,1,2,0,0,2,15.9,0,0,-1
Ed Davis,CLE,32,5,2,3,59,13,6,9,66.7,0,0,0,1,2,50,4,22,26,1,2,1,3,7,55.7,0,0,-15
Jarrett Culver,MEM,22,3,1,2,21,13,4,7,57.1,1,3,33.3,4,5,80,1,3,4,2,0,0,0,0,20.8,0,0,8
Cam Thomas,BKN,20,9,4,5,45,12,5,23,21.7,0,9,0,2,2,100,1,4,5,5,2,3,1,1,35.5,0,0,-9
Ignas Brazdeikis,ORL,22,7,1,6,53,12,5,18,27.8,2,11,18.2,0,0,0,2,7,9,4,3,1,0,6,28.8,0,0,-28
Trent Forrest,UTA,23,9,6,3,80,12,4,8,50,0,1,0,4,4,100,2,7,9,5,5,3,0,7,34.3,0,0,7
Usman Garuba,HOU,19,7,1,6,45,12,5,14,35.7,2,8,25,0,0,0,6,12,18,6,2,2,4,4,58.6,0,0,20
Jock Landale,SAS,26,4,2,2,11,11,4,5,80,1,1,100,2,3,66.7,2,0,2,2,1,0,1,0,18.4,0,0,9
KZ Okpala,MIA,22,8,7,1,47,11,4,15,26.7,1,8,12.5,2,2,100,4,7,11,2,0,1,0,4,30.2,0,0,-19
Marvin Bagley III,SAC,22,3,1,2,39,11,5,16,31.3,1,5,20,0,0,0,4,8,12,1,3,0,1,3,26.9,0,0,8
Jaylen Nowell,MIN,22,6,3,3,33,10,5,15,33.3,0,3,0,0,0,0,2,3,5,7,1,3,2,1,40.5,0,0,-18
Saben Lee,DET,22,5,0,5,36,10,3,10,30,0,4,0,4,6,66.7,0,3,3,4,2,2,0,1,23.6,0,0,6
Aaron Wiggins,OKC,22,3,1,2,41,9,3,8,37.5,3,8,37.5,0,0,0,0,6,6,4,5,2,1,2,26.2,0,0,-2
CJ Elleby,POR,21,7,4,3,38,9,4,13,30.8,1,6,16.7,0,0,0,1,9,10,2,3,0,0,4,21,0,0,-20
Damian Jones,SAC,26,4,2,2,24,9,4,4,100,1,1,100,0,0,0,3,5,8,2,1,0,1,4,23.6,0,0,29
Enes Kanter,BOS,29,4,1,3,31,9,4,11,36.4,0,0,0,1,1,100,8,3,11,1,2,0,0,4,21.7,0,0,-13
Gabriel Deck,OKC,26,4,2,2,21,9,4,7,57.1,1,2,50,0,0,0,1,2,3,1,1,1,0,0,16.1,0,0,1
Jalen Smith,PHX,21,3,2,1,24,9,3,8,37.5,0,1,0,3,3,100,2,5,7,0,1,1,1,3,22.4,0,0,-3
Quentin Grimes,NYK,21,4,3,1,18,9,3,6,50,3,6,50,0,0,0,0,1,1,0,0,0,0,0,10.2,0,0,-16
Brook Lopez,MIL,33,1,1,0,28,8,3,9,33.3,2,4,50,0,0,0,2,3,5,0,0,1,3,3,26,0,0,0
Georgios Kalaitzakis,MIL,22,5,3,2,28,8,3,9,33.3,1,3,33.3,1,6,16.7,3,2,5,0,3,1,1,4,17,0,0,-21
Juancho Hernangomez,BOS,26,7,3,4,20,8,2,7,28.6,1,3,33.3,3,4,75,2,3,5,0,3,2,0,3,17,0,0,-17
Kessler Edwards,BKN,21,1,0,1,9,8,3,6,50,2,4,50,0,0,0,1,2,3,0,1,0,0,0,10.6,0,0,9
Willy Hernangomez,NOP,27,3,0,3,14,8,2,3,66.7,0,0,0,4,4,100,0,4,4,2,1,0,0,3,14.8,0,0,-17
Eugene Omoruyi,DAL,24,2,0,2,10,7,2,4,50,1,2,50,2,4,50,1,4,5,1,0,0,0,1,14.5,0,0,1
Isaiah Todd,WAS,20,3,0,3,7,7,2,5,40,2,3,66.7,1,2,50,0,1,1,0,0,1,1,0,14.2,0,0,6
Jahmi'us Ramsey,SAC,20,3,1,2,26,7,3,6,50,1,3,33.3,0,2,0,0,0,0,1,0,0,1,2,11.5,0,0,1
Chris Chiozza,GSW,25,5,5,0,30,6,2,9,22.2,2,7,28.6,0,0,0,1,3,4,4,3,2,0,2,19.8,0,0,-2
James Johnson,BKN,34,8,5,3,92,6,2,12,16.7,0,3,0,2,6,33.3,3,15,18,8,5,3,2,11,49.6,0,0,37
Josh Green,DAL,21,7,3,4,37,6,3,9,33.3,0,2,0,0,0,0,4,6,10,2,2,0,1,2,22,0,0,19
Justin Champagnie,TOR,20,6,4,2,25,6,2,5,40,0,0,0,2,2,100,4,4,8,1,0,0,0,4,17.1,0,0,21
Moses Brown,DAL,22,6,3,3,18,6,2,2,100,0,0,0,2,6,33.3,1,4,5,0,0,0,2,2,18,0,0,2
Solomon Hill,ATL,30,7,4,3,88,6,2,11,18.2,2,8,25,0,0,0,2,12,14,9,1,3,2,13,50.3,0,0,28
Tyler Cook,CHI,24,1,0,1,12,6,2,3,66.7,0,0,0,2,2,100,0,2,2,2,1,0,0,1,10.4,0,0,-2
Udonis Haslem,MIA,41,4,3,1,17,6,3,6,50,0,1,0,0,0,0,1,4,5,1,0,0,1,5,16.5,0,0,6
Duane Washington Jr.,IND,21,2,1,1,4,5,2,3,66.7,1,2,50,0,0,0,0,1,1,0,0,0,0,0,6.2,0,0,-6
Jake Layman,MIN,27,4,2,2,17,5,2,7,28.6,1,2,50,0,0,0,0,2,2,0,1,1,0,1,9.4,0,0,-12
Jose Alvarado,NOP,23,2,0,2,7,5,2,4,50,1,2,50,0,0,0,0,0,0,1,0,1,0,0,9.5,0,0,-4
Joshua Primo,SAS,18,3,2,1,9,5,2,2,100,1,1,100,0,0,0,1,0,1,1,0,0,0,0,7.7,0,0,-3
Leandro Bolmaro,MIN,21,5,2,3,16,5,1,5,20,0,3,0,3,3,100,1,3,4,0,3,0,0,0,6.8,0,0,-10
Anthony Gill,WAS,29,4,2,2,25,4,2,4,50,0,0,0,0,0,0,3,2,5,1,0,0,1,2,14.5,0,0,13
Kevin Pangos,CLE,28,5,3,2,13,4,1,3,33.3,1,2,50,1,2,50,1,0,1,0,1,0,0,2,4.2,0,0,-16
Nathan Knight,MIN,24,5,3,2,7,4,0,0,0,0,0,0,4,4,100,0,2,2,0,1,0,0,1,5.4,0,0,1
Isaiah Jackson,IND,19,2,1,1,11,3,1,2,50,0,0,0,1,2,50,1,3,4,0,0,1,0,3,10.8,0,0,-1
Jamorko Pickett,DET,23,3,0,3,9,3,1,1,100,1,1,100,0,0,0,0,0,0,0,1,0,0,0,2,0,0,8
Jericho Sims,NYK,23,5,3,2,25,3,1,1,100,0,0,0,1,2,50,0,6,6,0,1,1,0,2,12.2,0,0,1
Joe Wieskamp,SAS,22,1,1,0,3,3,1,1,100,1,1,100,0,0,0,0,0,0,0,0,0,0,0,3,0,0,-6
Markus Howard,DEN,22,6,4,2,29,3,1,7,14.3,1,6,16.7,0,0,0,0,1,1,1,2,2,0,1,9.7,0,0,11
McKinley Wright IV,MIN,23,1,1,0,4,3,1,1,100,1,1,100,0,0,0,0,0,0,0,1,0,0,0,2,0,0,-6
Mychal Mulder,ORL,27,4,0,4,13,3,1,7,14.3,1,3,33.3,0,0,0,2,1,3,1,1,0,0,2,7.1,0,0,5
Tacko Fall,CLE,25,7,2,5,19,3,1,2,50,0,0,0,1,4,25,1,4,5,0,1,0,1,0,11,0,0,8
Chandler Hutchison,PHX,25,1,0,1,6,2,1,1,100,0,0,0,0,0,0,0,2,2,0,2,0,0,1,2.4,0,0,5
Elijah Hughes,UTA,23,4,3,1,11,2,0,2,0,0,1,0,2,2,100,0,1,1,0,0,0,0,1,3.2,0,0,-8
Isaac Bonga,TOR,22,3,2,1,7,2,1,1,100,0,0,0,0,0,0,1,1,2,2,0,1,0,1,10.4,0,0,1
Matt Thomas,CHI,27,5,4,1,13,2,1,7,14.3,0,2,0,0,0,0,0,1,1,0,0,0,1,0,6.2,0,0,-15
Miye Oni,UTA,24,7,6,1,18,2,1,2,50,0,1,0,0,1,0,0,3,3,2,0,0,0,2,8.6,0,0,-16
RJ Nembhard Jr.,CLE,22,2,0,2,3,2,1,1,100,0,0,0,0,0,0,0,1,1,1,0,0,0,0,4.7,0,0,1
Sharife Cooper,ATL,20,4,4,0,10,2,1,4,25,0,2,0,0,0,0,0,0,0,4,1,0,0,0,7,0,0,-2
Trendon Watford,POR,21,1,0,1,7,2,1,2,50,0,0,0,0,0,0,0,0,0,2,0,0,0,0,5,0,0,-3
Udoka Azubuike,UTA,22,4,3,1,8,2,1,1,100,0,0,0,0,0,0,1,3,4,0,1,0,0,0,5.8,0,0,-2
Vit Krejci,OKC,21,3,1,2,9,2,0,2,0,0,2,0,2,2,100,0,3,3,0,1,0,0,0,4.6,0,0,-1
Kevin Knox II,NYK,22,3,2,1,7,1,0,0,0,0,0,0,1,2,50,2,0,2,1,2,0,0,1,2.9,0,0,-13
Aaron Henry,PHI,22,1,1,0,2,0,0,1,0,0,1,0,0,0,0,0,0,0,0,0,0,0,0,0,0,0,-6
Brodric Thomas,BOS,24,1,0,1,2,0,0,0,0,0,0,0,0,0,0,0,0,0,0,0,0,0,0,0,0,0,0
Bruno Fernando,BOS,23,4,2,2,8,0,0,0,0,0,0,0,0,0,0,0,0,0,1,2,0,1,2,2.5,0,0,-9
Coby White,CHI,21,2,1,1,21,0,0,4,0,0,2,0,0,0,0,0,2,2,1,0,0,0,1,3.9,0,0,-18
David Johnson,TOR,20,1,1,0,0,0,0,0,0,0,0,0,0,0,0,0,0,0,0,0,0,0,0,0,0,0,-3
DeJon Jarreau,IND,23,1,0,1,1,0,0,0,0,0,0,0,0,0,0,0,0,0,0,0,0,0,0,0,0,0,2
Didi Louzada,NOP,22,2,0,2,7,0,0,3,0,0,3,0,0,0,0,2,0,2,1,0,0,0,0,3.9,0,0,-4
JT Thor,CHA,19,2,2,0,2,0,0,0,0,0,0,0,0,0,0,0,0,0,0,0,0,0,0,0,0,0,-5
JaQuori McLaughlin,DAL,23,1,0,1,2,0,0,0,0,0,0,0,0,0,0,0,0,0,1,0,0,0,0,1.5,0,0,1
Jaden Springer,PHI,19,1,1,0,2,0,0,0,0,0,0,0,0,0,0,0,0,0,0,0,0,0,0,0,0,0,-6
James Bouknight,CHA,21,6,3,3,9,0,0,5,0,0,1,0,0,0,0,1,1,2,0,0,0,0,1,2.4,0,0,-18
Jay Huff,LAL,24,1,0,1,8,0,0,1,0,0,1,0,0,0,0,1,1,2,1,0,0,0,0,3.9,0,0,17
Jeff Dowtin,GSW,24,2,2,0,6,0,0,1,0,0,0,0,0,0,0,0,2,2,0,0,0,0,1,2.4,0,0,-1
Joel Ayayi,WAS,21,3,0,3,6,0,0,0,0,0,0,0,0,0,0,0,1,1,2,0,0,0,0,4.2,0,0,5
Kai Jones,CHA,20,5,3,2,5,0,0,0,0,0,0,0,0,0,0,0,0,0,0,3,0,0,0,-3,0,0,-9
Keon Johnson,LAC,19,1,1,0,1,0,0,0,0,0,0,0,0,0,0,0,0,0,0,0,0,0,0,0,0,0,0
Killian Tillie,MEM,23,4,1,3,24,0,0,7,0,0,4,0,0,0,0,3,2,5,0,1,3,2,1,20,0,0,0
Malik Fitts,UTA,24,3,3,0,7,0,0,0,0,0,0,0,0,0,0,0,2,2,0,0,0,0,0,2.4,0,0,-6
Marcus Garrett,MIA,23,4,4,0,10,0,0,1,0,0,0,0,0,0,0,0,1,1,2,0,0,0,1,4.2,0,0,2
Miles McBride,NYK,21,5,3,2,4,0,0,4,0,0,3,0,0,0,0,0,0,0,0,0,0,1,0,3,0,0,-12
Petr Cornelie,DEN,26,2,0,2,7,0,0,1,0,0,1,0,0,0,0,1,1,2,1,0,0,0,1,3.9,0,0,9
Sam Dekker,TOR,27,1,1,0,1,0,0,0,0,0,0,0,0,0,0,0,0,0,0,0,0,0,0,0,0,0,-5
Serge Ibaka,LAC,32,2,2,0,14,0,0,5,0,0,2,0,0,0,0,0,4,4,1,1,0,1,5,8.3,0,0,7
Vernon Carey Jr.,CHA,20,1,1,0,1,0,0,1,0,0,0,0,0,0,0,0,1,1,0,0,0,0,0,1.2,0,0,0
Wayne Selden,NYK,27,1,1,0,1,0,0,0,0,0,0,0,0,0,0,0,0,0,0,0,0,0,0,0,0,0,-2
Yves Pons,MEM,22,1,0,1,3,0,0,1,0,0,0,0,0,0,0,1,0,1,0,0,0,0,0,1.2,0,0,-3
